{
  "header": {
    "networkBusinessIntelligence": "Network business intelligence",
    "searchReportInformation": "Search report name",
    "noSearchHistory": "No search history!",
    "account": "Account",
    "userGuide": "User guide",
    "userGuideList": "User guide list",
    "logout": "Log out"
  },
  "home": "Home",
  "overallKPI": "Overall KPI of {{province}} ",
  "slideshowReport": "Slideshow report",
  "slideshow": "Slideshow",
  "KPISlideshow": "KPI Slideshow",
  "notification": {
    "markAllAsRead": "Mark all as read"
  },
  "filter": {
    "systems": "Systems",
    "system": "System",
    "systemKpi": "KPI",
    "placeholderSystem": "Enter system name/KPI",
    "division": "Department",
    "placeholderDivision": "Enter department name",
    "divisions": "Departments",
    "nation": {
      "title": "Nation",
      "Vietnam": "Vietnam",
      "Cambodia": "Cambodia",
      "Laos": "Laos",
      "TimorLeste": "Timor-Leste"
    },
    "province": {
      "title": "Province",
      "placeholderSearch": "Search by province or region",
      "clickToView": "Click to view"
    },
    "region": "Region",
    "field": "Field",
    "sortByKPI": {
      "title": "Sort by KPI",
      "default": "Default",
      "sortDesc": "Sort descending ",
      "sortAsc": "Sort ascending ",
      "achievedOnly": "Achieved only",
      "notAchievedOnly": "Not achieved only"
    },
    "chartType": {
      "donut": "Donut",
      "stackedBar": "Stacked bar"
    },
    "kpi": {
      "title": "KPI",
      "placeholderSearch": "Search by name or domain"
    },
    "monthSelection": {
      "January": "January",
      "February": "February",
      "March": "March",
      "April": "April",
      "May": "May",
      "June": "June",
      "July": "July",
      "August": "August",
      "September": "September",
      "October": "October",
      "November": "November",
      "December": "December"
    }
  },
  "overallNetworkKPI": {
    "title": "OVERALL NETWORK KPI",
    "sortByDomain": "Sort by Domain",
    "chartType": "Chart type",
    "filterByTime": "Filter by time",
    "numberOfYellowRed": "Yellow/Red alarm KPI numbers",
    "notAchievedKPI": "Not achieved KPI",
    "achievedKPI": "Achieved KPI",
    "achievedTargetKPI": "The KPI achieved target",
    "notAchievedTargetKPI": "The KPI did not achieved target",
    "achievedKPIProportion": "Achieved KPI proportion:",
    "KPIAchievementProportion": "Achieved KPI proportion of {{value}}",
    "KPIWithNoData": "KPI with no data",
    "note": "Note",
    "yellowAlarmKPI": "Yellow alarm KPI:",
    "redAlarmKPI": "Red alarm KPI:",
    "descriptionYellowAlarmKPI1": "KPI/KQI has target: if success rate is < {{valueSuccess}}% or error rate is > {{valueError}}%, KPI error rate is between 15% and 30%.",
    "descriptionYellowAlarmKPI2": "KPI/KQI has target: if achieved rate is >= {{valueSuccess}}% or error rate is =< {{valueError}}%, KPI error rate is between 30% and 60%.",
    "descriptionRedAlarmKPI1": "KPI/KQI has target: if achieved rate is < {{valueSuccess}}% or error rate is > {{valueError}}%, KPI error rate is above 30%.",
    "descriptionRedAlarmKPI2": "KPI/KQI has target: if achieved rate is >= {{valueSuccess}}% or error rate is =< {{valueError}}%, KPI error rate is above 60%.",
    "clickToSeeDetails": "Click to see details",
    "clickToViewExplanation": "Click to view explanation",
    "performance": "Performance",
    "next": "Next",
    "previous": "Previous"
  },
  "overallProvincialKPI": {
    "title": "Overall provincial KPI",
    "colorConfiguration": "Color configuration for provincial achieved KPI level",
    "archievedTotalKPI": "KPI achieved/Total",
    "bestProvinces": "Best provinces",
    "worstProvinces": "Worst provinces",
    "proportion": "Proportion"
  },
  "explanation": {
    "title": "Explanation",
    "titleByVietnam": "Explanation (VIE)",
    "titleByEnglish": "Explanation (ENG)",
    "explanationPlaceholderByVietnam": "Enter explanation in Vietnamese",
    "explanationPlaceholderByEnglish": "Enter explanation in English",
    "explanationKPI": "KPI explanation",
    "lineExplanationLineLimit": "Explanation's line limit is 10",
    "successNotiExplanation": "Your explanation has been successfully updated",
    "result": "Result",
    "target": "Target",
    "comparison": "Comparison",
    "clickToViewExplanation": "Click to view explanation",
    "achieved": "Achieved",
    "notAchieved": "Not achieved"
  },
  "tooltip": {
    "Day": "Day",
    "Week": "Week",
    "Month": "Month",
    "Quarter": "Quarter",
    "Year": "Year",
    "Result": "Result",
    "Target": "Target",
    "Comparison": "Comparison",
    "Achieved": "Achieved",
    "NotAchieved": "Not achieved",
    "Seemore": "See more",
    "Seeless": "See less",
    "Loss": "Lack",
    "numberOfYellowRed": "Numbers of yellow/red warning KPI",
    "notAchievedKPI": "Not achieved KPI",
    "notAchievedKPIs": "Not achieved KPIs",
    "consecutive": "continuous",
    "notAchievedY": "not achieved {{Y}}",
    "achievedKPIProportion": "Achieved KPI proportion:",
    "achievedKPINumber": "Number of achieved KPIs:",
    "KPIExplanation": "KPI explanation",
    "explanation": "Explanation"
  }
}
