{
  "errorLogin": "Wrong password or username",
  "divisionHasNotBeenDelegated": "Department has not been delegated!",
  "thisAccountIsDisabled": "This account is disabled!",
  "form": {
    "username": {
      "placeholder": "Username"
    },
    "password": {
      "placeholder": "Password"
    },
    "captcha": {
      "placeholder": "Captcha",
      "error": "Invalid captcha code. Please re-enter."
    },
    "lock": "The account is temporarily locked due to entering the wrong password too many times. The account will automatically unlock after 5 minutes."
  },
  "button": {
    "login": "Login"
  }
}
