{
  "createdSuccessfully": "Successfully created",
  "deletedSuccessfully": "Successfully deleted",
  "updatedSuccessfully": "Successfully updated",
  "deletedFailed": "Fail to delete",
  "updateFailed": "Fail to update",
  "errorOccurred": "An error occurred",
  "successfullyImport": "Import successfully",
  "invalidFileFormat": "Invalid file format, please choose again",
  "fieldRequired": "This field is required",
  "downloadFailed": "Download failed",
  "updatedSuccessfullyByKey": "{{key}} has been successfully updated",
  "updateFailedByKey": "Fail to update {{key}} ",
  "createdSuccessfullyByKey": "{{key}} has been successfully created",
  "KPICode": "KPI code",
  "createFailedByKey": "Fail to create {{key}}",
  "deleteSuccessfullyByKey": "{{key}} has been successfully deleted",
  "deleteFailedByKey": "Fail to delete {{key}}",
  "anUnexpectedErroroccurred": "An unexpected error occurred. Please try again",
  "enterCorrectFormat": "Please enter the correct format",
  "explanationSuccessfully": "Successfully explanation",
  "errorDuringImplementation": "An errors during the execution process",
  "invalidData": "Invalid data",
  "donotAccessLink": " You do not have permission to access this link",
  "notFoundPage": "Page not found",
  "pageIsInaccessible": "This page is inaccessible",
  "lookingPage": "It appears that the page you are looking for does not exist"
}
