{
  "dashboard": {
    "title": "Home"
  },
  "listReport": {
    "title": "Report list"
  },
  "reportFavourite": {
    "title": "Favourite report"
  },
  "listNotification": {
    "title": "Notification list"
  },
  "configSlide": {
    "title": "Slide configuration"
  },
  "configReport": {
    "title": "Report configuration",
    "subMenu": {
      "listReportTableau": "Tableau report list",
      "listReportKpi": "KPI report list",
      "managerKpi": "KPI management",
      "managerGroupKpi": "Domain management",
      "configThreshold": "Target configuration"
    }
  },
  "managerPermission": {
    "title": "Delegation management",
    "subMenu": {
      "permissionSession": "Session delegation",
      "permissionKpi": "KPI delegation",
      "managerUser": "User management",
      "managerDepartment": "Department management"
    }
  },
  "managerSystem": {
    "title": "System management",
    "subMenu": {
      "detailKPIReport": "KPI detailed report",
      "staticAccess": "Access statistics",
      "managerNotification": "Notification management",
      "configSync": "Synchronous information configuration",
      "configDataSync": "Data synchronization configuration",
      "historyDataSync": "Data synchronization history",
      "configKpi": "KPI alarm configuration"
    }
  },
  "account": {
    "title": "Account",
    "seoHead": "Personal page"
  },
  "login": {
    "title": "Login"
  },
  "divisionInformation": {
    "title": "Department information"
  },
  "sessionDelegatedDivisionList": {
    "title": "Session-delegated department list"
  }
}
