{
  "title": "Notification",
  "unread": "Unread",
  "noUnreadNotification": "There is no unread notification",
  "noNotification": "There is no notification",
  "year": "{{count}} year",
  "month": "{{count}} month",
  "week": "{{count}} week",
  "day": "{{count}} day",
  "hour": "{{count}} hour",
  "minute": "{{count}} minute",
  "year_plural": "{{count}} years",
  "month_plural": "{{count}} months",
  "week_plural": "{{count}} weeks",
  "day_plural": "{{count}} days",
  "hour_plural": "{{count}} hours",
  "minute_plural": "{{count}} minutes",
  "ago": "ago",
  "justDone": "just now"
}
