{
  "home": "Home",
  "station": "Station profile",
  "province": "Provincial profile",
  "report": "Unit report",
  "reportFavorite": "Favorite report",
  "configSlide": "Slide configuration",
  "configReport": "Report Configuration",
  "decentralizedManager": "Decentralized management",
  "menuProvince": {
    "infraOverview": "Infra overview",
    "mobile": "Mobile",
    "subscribersTraffic": "Subscribers and Traffic",
    "informationInterruption": "Information interruption",
    "permanent": "Permanent",
    "subscriptionPerformance": "Subscription & Performance",
    "infraDevelopment": "Infra development",
    "historyVHKT": "Mining operation history"
  }
}