{
  "accessStatistics": {
    "employee": "Employee:",
    "employees": "Employees:",
    "childDivision": "Child department:",
    "childDivisions": "Child departments:",
    "listChildDivision": "Child department list",
    "viewDivision": "Department views",
    "divisionsViewsStatistics": "Department's views statistics",
    "chooseTimeToExportData": "Choose time to export data",
    "divisionVeportViewsStatistics": "Department's report views statistics",
    "usersAccessInfomationStatistics": "User's access infomation statistics",
    "statisticsType": "Statistics type",
    "chooseStatisticsType": "Choose statistics type",
    "combinedStatistics": "Combined statistics",
    "loginStatistics": "Login statistics",
    "reportAccessStatistics": "Report access statistics",
    "reportViews": "Report views",
    "chooseUser": "Choose user",
    "selectReportType": "Select report type",
    "selectReport": "Select report",
    "startDate": "Start date",
    "endDate": "End date",
    "report": "Report",
    "user": "User",
    "chooseUnit": "Choose department",
    "unitForExportingStatistics": "Department for exporting statistics",
    "message": {
      "downloadReportSuccess": "Report has been successfully downloaded",
      "successfullyExported": "Successfully exported",
      "failToExport": "Fail to export"
    }
  },
  "configSync": {
    "helmetTitle": "Synchronous server",
    "synchronousServerList": "Synchronous server list",
    "createSynchronousServer": "Create synchronous server",
    "table": {
      "serverName": {
        "title": "Server name",
        "placeholder": "Please enter server name"
      },
      "version": {
        "title": "Version",
        "placeholder": "Please enter version"
      },
      "accountName": {
        "title": "Account name",
        "placeholder": "Please enter account name"
      },
      "passwordServer": {
        "title": "Password",
        "placeholder": "Please enter server password"
      },
      "url": {
        "title": "URL",
        "placeholder": "Please enter URL"
      },
      "lastRunTime": {
        "title": "Latest synchronization"
      },
      "checkConnection": "Check connection"
    },
    "deleteServer": {
      "title": "Delete Server",
      "description": "Are you sure to delete Server:"
    },
    "message": {
      "serverUpdateSuccessfully": "Server has been updated successfully",
      "connectToServer": "A connection has been successfully established with the server"
    }
  },
  "configDataSync": {
    "header": {
      "title": "Data synchronization configuration"
    },
    "title": "Schedule synchronizes periodically",
    "table": {
      "dataLevel": "Data level",
      "dataToSyncArr": "Data to be synchronized",
      "syncTime": "Synchronization time",
      "lastSync": "Latest synchronization",
      "nextSync": "Next synchronization",
      "updateBy": "Update by",
      "updateAt": "Update at",
      "downloadFileLogErr": "Download error details log file",
      "action": {
        "sync": "Synchronize now"
      }
    },
    "form": {
      "sync": {
        "title": "Synchronize data now?",
        "message": "Are you sure to synchronize data now?"
      },
      "edit": {
        "confirmTitle": "Update periodic synchronization schedule",
        "confirmMessage": "Are you sure to update periodic synchronization schedule",
        "title": "Edit periodic synchronization schedule",
        "dataLevel": "Data level",
        "dataLevelPlaceholder": "Nhập mức dữ liệu",
        "dataToSyncArr": "Data to be synchronized",
        "dataToSyncArrPlaceholder": "Choose data to be synchronized",
        "cronExpressions": "Schedule",
        "note": "Note",
        "addNew": "Add schedule",
        "note1": "* any value",
        "note2": ", value list separator",
        "example1": "At minute 30, hour 7, on all days of months, in all months, on all days of week: 30 07 * * *",
        "example2": "At minute 30, hour 23, on all days of month, in all months, on Tuesday, Wednesday, Thursday, Friday, Saturday, Sunday: 30 23 * * 2,3,4,5,6,7",
        "example3": "At minute 30, hour 7, 13, 17, 23, on day-of-month 1, 2, 3, 4, 5, in all months, on all days of week: 30 7,13,17,23 1,2,3,4,5 * *",
        "example4": "At minute 30, hour 7, 13, 17, 23, on day-of-month 1, 2, 3, 4, 5, in January, April, July, October, on all days of week: 30 7,13,17,23 1,2,3,4,5 1,4,7,10 *",
        "every": "At",
        "minuteInHour": "minute {{ minute }}, hour {{ hour }}",
        "minuteInAllHour": "minutes {{ minute }}, all hours",
        "onDayOfMonth": "on day-of-month {{ day }}",
        "onAllDayOfMonth": "on all days of month",
        "inAllMonth": "in all months",
        "inMonths": "in {{ month }}",
        "onDayOfWeek": "on {{ day }}",
        "onAllDayOfWeek": "on all days of week",
        "inMonth": "in month",
        "inWeek": "in week",
        "dayOfMonth": "Day (in month)",
        "dayOfWeek": "Day (in week)",
        "errFormatCron": "Wrong Cron expression's structure. Please enter the correct five-field structure of Cron expression.",
        "errMinuteCron": "Minute only allows numbers from 0 to 59, separated by \",\"",
        "errHourCron": "Hour only allows numbers from 0 to 23, separated by \",\", or only \"*\"",
        "errDayOfMonthCron": "Day (of month) only allows numbers from 1 to 31, separated by \",\", or only \"*\"",
        "errMonthCron": "Month only allows numbers from 1 to 12, separated by \",\", or only \"*\"",
        "errDayOfWeekCron": "Day (of week) only allows numbers from 1 to 7, separated by \",\", or only \"*\"",
        "allDomain": "All domain",
        "errDayOfMonthAndWeek": "One of two fields: Day (of month) or Day (of week) must be \"*\""
      }
    },
    "message": {
      "createSuccess": "Data sync successfully",
      "syncSuccess": "Started synchronizing Tableau server successfully"
    },
    "enum": {
      "dataToSyncArr": {
        "currentYear": "current year",
        "currentYearMinusOne": "year - 1",
        "currentYearMinusTwo": "year - 2",
        "currentQuarter": "current quarter",
        "currentQuarterMinusOne": "quarter - 1",
        "currentQuarterMinusTwo": "quarter - 2",
        "currentMonth": "current month",
        "currentMonthMinusOne": "month - 1",
        "currentMonthMinusTwo": "month - 2",
        "currentWeek": "current week",
        "currentWeekMinusOne": "week - 1",
        "currentWeekMinusTwo": "week - 2",
        "currentDate": "today",
        "currentDateMinusOne": "day - 1",
        "currentDateMinusTwo": "day - 2",
        "currentDateMinusThree": "day - 3",
        "currentDateMinusFour": "day - 4",
        "currentDateMinusFive": "day - 5",
        "currentDateMinusSix": "day - 6",
        "currentDateMinusSeven": "day - 7"
      }
    }
  },
  "historyDataSync": {
    "header": {
      "title": "Configure data compensation run"
    },
    "title": "Configure data compensation run",
    "filter": {
      "startTime": "Start time",
      "startTimePlaceholder": "Choose start time",
      "dataLevel": "Data level",
      "dataLevelPlaceholder": "Choose data level",
      "type": "Type",
      "typePlaceholder": "Choose type",
      "status": "Status",
      "statusPlaceholder": "Choose status",
      "new": "Create supplemental running configuration"
    },
    "table": {
      "startTime": "Start time",
      "endTime": "End time",
      "group": "Domain",
      "groupLabelData": "domain",
      "dataLevel": "Data level",
      "dataToSyncArr": "Data to be synchronized",
      "type": "Type",
      "status": "Status",
      "implementer": "Performer",
      "result": "Result",
      "action": {
        "sync": "Run now",
        "syncAgain": "Rerun"
      }
    },
    "form": {
      "create": "New configure data compensation run",
      "edit": "Edit configure data compensation run",
      "group": "Choose domain",
      "groupName": "Domain",
      "groupPlaceholder": "Choose domain",
      "dataLevel": "Data level",
      "dataLevelPlaceholder": "Choose data level",
      "dataToSyncArr": "Data to be synchronized",
      "dataToSyncArrPlaceholder": "Choose time",
      "deleteConfirmTitle": "Delete data supplemental running configuration?",
      "deleteConfirmMessage": "Are you sure to delete data supplemental running configuration?",
      "errDomainNoSql": "Domain {{ name }} has no command to synchronize. Please check again"
    },
    "enum": {
      "status": {
        "notRunYet": "Not run yet",
        "running": "Running",
        "success": "Success",
        "failure": "Fail",
        "warning": "Warning"
      },
      "type": {
        "handWork": "Manual",
        "automatic": "Automatic"
      }
    }
  },
  "configKPI": {
    "KPIAlarmConfiguration": "KPI alarm configuration",
    "helmetTitle": "KPI configuration",
    "title": "KPI alarm configuration list",
    "guideExcelStep": "1. Download the excel file of KPI alarm configuration",
    "table": {
      "KPICode": {
        "title": "KPI_code",
        "placeholder": "Enter KPI_code"
      },
      "KPIName": {
        "title": "KPI_name",
        "placeholder": "Enter KPI_name"
      },
      "AlarmStatus": {
        "title": "Choose Alarm_status"
      },
      "KPILevel": {
        "title": "Choose KPI_level"
      }
    },
    "message": {
      "deleteKPIAlarmSuccessfully": "KPI alarm configuration has been successfully deleted",
      "deleteKPIAlarmFailed": "Fail to delete KPI alarm configuration"
    }
  },
  "managerNotification": {
    "notificationList": "Notification list",
    "notificationDetail": "Notification details",
    "notificationCreate": "Create notification",
    "notificationEdit": "Edit notification",
    "table": {
      "notificationTitle": {
        "title": "Notification title",
        "placeholder": "Enter notification title"
      },
      "notificationType": {
        "title": "Notification type",
        "placeholder": "Choose notification type"
      },
      "notificationStatus": {
        "title": "Status",
        "placeholder": "Choose status"
      },
      "notificationOnHomepage": {
        "title": "Notifications on home page",
        "placeholder": "Choose type"
      },
      "timeToPublishNotification": {
        "title": "Time to publish notification",
        "placeholder": "Choose time"
      },
      "showInUserGuideList": "Show in user guide list",
      "notificationReceiver": {
        "title": "Notification receiver",
        "placeholder": "Choose receiver"
      },
      "notificationContent": {
        "title": "Content",
        "placeholder": "Enter content"
      },
      "userGuideName": {
        "title": "User guide name",
        "placeholder": "Enter user guide name"
      },
      "attachedFile": {
        "title": "Attached file",
        "placeholder": "No file has been chosen yet"
      },
      "timeOnPage": "Time on page",
      "notificationReceiverDivision": {
        "title": "Notification-receiving department",
        "placeholder": "Choose department"
      },
      "notificationBarOnHomePage": {
        "title": "Notification bar on home page"
      },
      "timeStartOnHomePage": {
        "title": "Time to start showing on home page",
        "placeholder": "Choose time"
      },
      "timeEndOnHomePage": {
        "title": "Time to end showing on home page",
        "placeholder": "Choose time"
      }
    },
    "message": {
      "activateOrDisableShowingUserGuideList": "{{checkEnable}} showing user guide in notification list?",
      "activateOrDisableShowingUserGuide": "Are you sure to {{checkEnable}} showing user guide: ",
      "startTimeMustBeLaterThanPresentTime": "Start time must be later than present time",
      "startTimeShowingOnHomepageMustBeLateThanPresentTime": "Start time must be later than present time",
      "publishTimeMustBeLaterThanPresentTime": "Publish time must be later than present time",
      "endTimeMustBeLaterThanPresentTime": "End time must be later than present time",
      "showTimeMustBeLaterThanPublishTime": "Show time must be later than publish time",
      "endTimeMustBeLaterThanShowTime": "End time must be later than show time",
      "endTimeMustBeLaterThanPublishTime": "End time must be later than publish time",
      "areYouSureToDeleteNotification": "Are you sure to delete notification {{notificationName}}?",
      "deleteAttachedFile": "and one attached file",
      "deleteUserGuide": "and user guide ",
      "deleteNotification": "Delete notification?",
      "divisionDoesNotExist": "Department does not exist.",
      "failToDisable": "Fail to disable",
      "successfullyDisabled": "Successfully disabled",
      "successfullyActivated": "Successfully activated",
      "failToActivate": "Fail to activate",
      "fileContentEmpty": "File content is not allowed to be empty"
    },
    "enum": {
      "activate": "Active",
      "disabled": "Disabled",
      "immediate": "Immediate",
      "customPublishTime": "Custom publishing time",
      "allSystem": "All system",
      "chooseDivision": "Choose department",
      "allow": "Allow",
      "donotAllow": "Don't allow",
      "published": "Published",
      "waiting": "Waiting",
      "notification": "Notification",
      "userGuide": "User guide",
      "yes": "Yes",
      "no": "No",
      "seeMore": "See more",
      "seeLess": "See less",
      "showing": "Showing",
      "notShowing": "Not showing"
    }
  },
  "detailReportKPI": {
    "type": {
      "detail": "KPI detailed report",
      "lacking": "Lacking-data KPI report",
      "combined": "Combined report"
    },
    "filter": {
      "des-time": "Closest to now (time)",
      "asc-time": "Farthest to now (time)",
      "best": "Sort descending",
      "worst": "Sort ascending",
      "sortBySystem": "Sort by system",
      "sortByDomain": "Sort by domain"
    },
    "table": {
      "department": "Department",
      "detail": {
        "system": "System",
        "nameKPI": "KPI name",
        "unit": "Unit",
        "operator": "Operator",
        "target": "Target",
        "result": "Result",
        "comparison": "Comparison",
        "state": "State",
        "resultLastPeriod": "Result (Last period)",
        "comparisonWithLastPeriod": "Comparison with last period",
        "assessment": "Assessment",
        "periodWeek": "Period ({{ month }})",
        "maintained": "Maintained",
        "declined": "Declined",
        "notAssessed": "Not assessed",
        "improved": "Improved"
      },
      "lacking": {
        "allMonth": "All days-of-month lack",
        "noDataDays": "No data days",
        "period": "Period",
        "true": "True",
        "false": "False"
      },
      "combined": {
        "totalKPIMonth": "Total KPI (Month)",
        "totalKPIDay": "Total KPI (Day)",
        "notAchievedKPINumber": "Not achieved KPI number",
        "achievedKPINumber": "Achieved KPI number",
        "fullDataKPINumber": "Full-data KPI number",
        "lackingDataKPINumber": "Lacking-data KPI number",
        "noDataKPINumber": "No-data KPI number",
        "achievedKPIRate": "Achieved KPI rate",
        "notAchievedKPIRate": "Not achieved KPI rate",
        "fullDataKPIRate": "Full-data KPI rate",
        "lackingDataKPIRate": "Lacking-data KPI rate",
        "noDataKPIRate": "No-data KPI rate"
      }
    },
    "message": {
      "dowmloadReportSuccess": "Download report successfully",
      "downloadReportFailed": "Download report failed"
    }
  }
}
