{
  "switchApp": "Chuyển ứng dụng",
  "logout": "Đăng xuất",
  "language": "Ngôn ngữ",
  "menu": {
    "home": "Trang chủ",
    "stationProfile": "Profile trạm",
    "provinceProfile": "Profile tỉnh",
    "reportUnit": "Báo cáo đơn vị",
    "reportFavorite": "Báo cáo yêu thích",
    "account": "Tài khoản"
  },
  "station": {
    "enterInfoSearch": "Nhập thông tin cần tìm kiếm",
    "savedStationList": "Danh sách các trạm đã lưu",
    "hintSavedStation": "Dễ dàng và nhanh chóng tìm lại danh sách các trạm đã được lưu lại địa điểm từ trước",
    "suggestForU": "Gợi ý cho bạn",
    "renovatedHouse": "Nhà cải tạo",
    "views": "{{ views }} lượt xem",
    "searchRecently": "Tìm kiếm gần đây",
    "searchResult": "Kết quả tìm kiếm",
    "cannotFindStation": "Không tìm thấy trạm",
    "plsEnterAgainToSearch": "Vui lòng nhập lại để tiếp tục tìm kiếm",
    "viewSavedList": "Xem danh sách đã lưu",
    "loadingMore": "Đang tải thêm...",
    "systemError": "Lỗi hệ thống",
    "refreshPage": "Vui lòng tải lại trang để thử lại.",
    "unSave": "Bỏ lưu",
    "completed": "Hoàn tất",
    "edit": "Chỉnh sửa",
    "saveSuccess": "Lưu trạm thành công",
    "removeSuccess": "Xoá trạm thành công",
    "errorSaveStation": "Đã xảy ra lỗi khi lưu trạm",
    "errorDeleteStation": "Đã xảy ra lỗi khi xoá trạm",
    "unSavedSuccess": "Bỏ lưu trạm thành công",
    "status": {
      "constructing": "Đang xây dựng",
      "notYetWorking": "Tích hợp chưa hoạt động",
      "working": "Đang hoạt động",
      "waitingForIntegration": "Chờ tích hợp",
      "waitingCancel": "Chờ hủy",
      "canceled": "Đã hủy"
    },
    "locality": "Địa bàn:",
    "address": "Địa chỉ:",
    "stationType": "Loại trạm:",
    "broadcastDate": "Ngày phát sóng:",
    "contractDuration": "Thời hạn hợp đồng:",
    "host": "Chủ nhà:",
    "telephoneNumber": "Số điện thoại:",
    "manager": "Quản lý:",
    "saved": "Đã lưu",
    "save": "Lưu",
    "saveStation": "Lưu trạm",
    "infrastructure": "Hạ tầng",
    "performance": "Performance",
    "maintain": "Bảo dưỡng",
    "currentWarn": "Cảnh báo",
    "services": "Dịch vụ",
    "electromechanics": "Cơ điện",
    "mobileServices": "Dịch vụ di động",
    "cdbr": "CDBR",
    "opticalFiber": "Cáp quang",
    "electromechanicalContent": "Nội dung cơ điện",
    "electricityGrid": "Trạng thái điện lưới: ",
    "hasGenerator": "Trạm đặt máy phát điện cố định: ",
    "generatorSettingStatus": "Trạng thái đặt máy phát điện: ",
    "generatorType": "Loại máy phát điện: ",
    "generatorCapacity": "Công suất máy phát điện: ",
    "hasATS": "Trạm có ATS không: ",
    "hasConditioner": "Trạm có điều hòa không: ",
    "usedTGLB": "Trạm có sử dụng TGLB không: ",
    "dischargeTimeBattery": "Thời gian xả acquy: ",
    "batteryCount": "Số tổ acquy: ",
    "last7days": "7 ngày gần nhất",
    "last30days": "30 ngày gần nhất",
    "last90days": "90 ngày gần nhất",
    "last5weeks": "5 tuần gần nhất",
    "last10weeks": "10 tuần gần nhất",
    "last15weeks": "15 tuần gần nhất",
    "last20weeks": "20 tuần gần nhất",
    "optional": "Tuỳ chọn",
    "unfinished": "Chưa hoàn thành",
    "unfinishedLabel": "Chưa hoàn thành",
    "inProgress": "Đang xử lý",
    "inProgressLabel": "Đang xử lý",
    "finished": "Hoàn thành",
    "finishedLabel": "Hoàn thành",
    "hours": "giờ",
    "hour": "giờ",
    "subscriberNStationTraffic": "Thuê bao và lưu lượng trạm",
    "subscriberCount": "Số lượng thuê bao di động: ",
    "traffic": "Lưu lượng: ",
    "mobilePerformance": "Hiệu suất di động: ",
    "subscriberCDBRCount": "Số lượng thuê bao CĐBR: ",
    "subscriberAONCount": "Số lượng cổng AON đã sử dụng: ",
    "subscriberGPONCount": "Số lượng cổng GPON đã sử dụng: ",
    "portPerformanceCDBR": "Hiệu suất port CĐBR: ",
    "portPerformanceAON": "Hiệu suất cổng AON: ",
    "portPerformanceGPON": "Hiệu suất cổng GPON: ",
    "pDate": "Ngày lấy dữ liệu: ",
    "isBadCellData": "Cell tồi Data",
    "isBadCellVoice": "Cell tồi thoại",
    "badVideoRate": "Tỉ lệ phiên tồi Data",
    "badCallRate": "Tỉ lệ phiên tồi Thoại",
    "psCssr": "Tỉ lệ thiết lập phiên Data thành công",
    "csCssr": "Tỉ lệ thiết lập phiên Thoại thành công",
    "psCdr": "Tỉ lệ rớt phiên Data",
    "csCdr": "Tỉ lệ rớt phiên Thoại",
    "stationMaintenance": "Bảo dưỡng nhà trạm",
    "equipmentMaintenance": "Bảo dưỡng thiết bị",
    "notFoundData": "Không tìm thấy dữ liệu",
    "pleaseTryAgain": "Vui lòng thử lại!",
    "startTime": "Thời gian bắt đầu: ",
    "endTime": "Thời gian kết thúc:",
    "endTimeEn": "Warning end time:",
    "statusLabel": "Trạng thái:",
    "yes": "Có",
    "no": "Không",
    "crSeri": "Số CR/WO: ",
    "incidentTime": "Thời gian bắt đầu dự kiến: ",
    "processingTime": "Thời gian kết thúc dự kiến: ",
    "performer": "Người thực hiện: ",
    "content": "Nội dung: ",
    "overview": "Tổng quan",
    "problemHistory": "Lịch sử sự cố",
    "cabinetName": "Cabinet name:",
    "cabinetNameOnNode": "Cabinet name on Node:",
    "cabinetNameNIMS": "Cabinet name NIMS:",
    "cellName": "Cell name:",
    "stationCodeNIMS": "Station code NIMS:",
    "faultName": "Fault name:",
    "keyword": "Keyword:",
    "vendor": "Vendor:",
    "contentEvent": "Content event:",
    "typeStation": "Type station:",
    "occurredTime": "Occured time:",
    "warningContent": "Nội dung cảnh báo",
    "totalIncidents": "Tổng số sự cố: ",
    "incidentsCount_zero": "{{ count }} lần",
    "incidentsCount_one": "{{ count }} lần",
    "incidentsCount_other": "{{ count }} lần",
    "incidentName": "Tên sự cố: ",
    "causal": "Nguyên nhân: ",
    "solution": "Cách khắc phục: ",
    "deviceCode": "Mã thiết bị: ",
    "last1month": "1 tháng gần nhất",
    "last3months": "3 tháng gần nhất",
    "last6months": "6 tháng gần nhất",
    "last12months": "12 tháng gần nhất"
  },
  "province": {
    "generalInfo": "Thông tin chung",
    "infra": "Hạ tầng",
    "number": "Số lượng",
    "rate": "Tỷ lệ",
    "rateFinished": "Tỷ lệ hoàn thành",
    "totalNumberLocations": "Tổng số vị trí",
    "mobileLocation": "Vị trí di động",
    "cdbrLocation": "Vị trí CĐBR",
    "tranmission": "Truyền dẫn",
    "optical": "Quang",
    "microwave": "Vi ba",
    "stationInfo": "Thông tin trạm",
    "stationNumberLocation": "Số vị trí trạm",
    "others": "Khác",
    "totalNumber": "Tổng số",
    "nationAxis": "Trục quốc gia/QT",
    "totalProvincialStation": "Tổng trạm tỉnh",
    "totalDistrictStation": "Tổng trạm huyện",
    "macro": "Macro",
    "rru": "RRU",
    "batteryLoadTime": "Thời gian xả ắc quy",
    ">=8h": ">= 8 giờ",
    ">=4h": ">= 4 giờ - < 8 giờ",
    ">=2h": ">= 2 giờ - < 4 giờ",
    ">=1h": ">= 1 giờ - < 2 giờ",
    ">=30m": ">= 30 phút - < 1 giờ",
    "stationQuality": "Chất lượng nhà trạm",
    "100Points": "100 điểm",
    "85To100points": "85 đến 100 điểm",
    "under85points": "Dưới 85 điểm",
    "haveSevereErrors": "Có lỗi nghiêm trọng",
    "burialFiber": "Cáp chôn",
    "aerialFiber": "Cáp treo",
    "numberOfLines": "Số tuyến",
    "totalKilometers": "Tổng km",
    "generator": "Máy phát điện",
    "category": "Phân loại theo công suất (KW)",
    "distribution": "Bố trí",
    "fixedInstall": "Đặt cố định",
    "fixedInstallATS": "Đặt cố định - ATS",
    "fixedInstallCTV": "Đặt cố định - CTV",
    "fixedInstallEngineering": "Đặt cố định - Kỹ thuật",
    "rotationAtStation": "Luân chuyển - Tại trạm",
    "noAvailableEquipments": "Không có máy tại chỗ",
    "opticalFiber": "Cáp quang",
    "stationType": "Loại trạm",
    "subscription": "Thuê bao",
    "AverageSubscriptionDay": "TB thuê bao/ngày",
    "MobileTrafficTotal": "LL thoại/Tổng (Erl)",
    "DataTrafficTotal": "LL Data/Tổng (TB)",
    "value": "Giá trị",
    "marketShare": "Thị phần",
    "mobileTraffic": "Lưu lượng thoại",
    "dataTraffic": "Lưu lượng Data",
    "last3months": "3 tháng gần nhất",
    "last6months": "6 tháng gần nhất",
    "last9months": "9 tháng gần nhất",
    "last12months": "12 tháng gần nhất",
    "provided": "Đã CC",
    "notYetProvided": "Chưa CC"
  },
  "performed": "Thực hiện",
  "target": "Mục tiêu",
  "notAchieved": "Không đạt yêu cầu",
  "achieved": "Đạt yêu cầu",
  "totalInformationInterruption": "GĐTT tổng",
  "interruptionOfPriorityStationInformation": "GĐTT trạm ưu tiên",
  "RegularInformationInterruption": "GĐTT thường",
  "RRUInformationInterruption": "GĐTT RRU",
  "SmallcelInformationInterruption": "GĐTT Smallcel",
  "InformationInterruptionStation": "Trạm GĐTT",
  "InformationInterruptionTime": "Thời gian GĐTT (phút)",
  "ADSLTelevision": "CĐBR & Truyền hình (TH)",
  "NumberOfSubscription": "Số thuê bao",
  "householdNumber": "Số hộ",
  "FTTH/household": "FTTH/hộ",
  "TH/household": "TH/hộ",
  "GPONGateInfra": "Hạ tầng cổng GPON",
  "FTTHPortNumber": "Số cổng FTTH",
  "FTTHSubscriberNumber": "Số thuê bao FTTH",
  "gateProductivity": "Hiệu suất cổng",
  "totalCabinet": "Tổng tủ",
  "cabinetWithoutSubscription": "Tủ không thuê bao",
  "NonSubscriberCabinetRate": "Tỷ lệ tủ không TB",
  "cabinetWithFewSubscribers": "Tủ ít thuê bao",
  "RatioOfCabinetsWithFewSubscribers": "Tỷ lệ tủ ít TB",
  "ADSLMarketShare": "Thị phần CĐBR",
  "content": "Nội dung",
  "InternetInformationInterruption": "GĐTT Internet",
  "interruptionOfTelevisionInformation": "GĐTT Truyền hình",
  "infraDevelopTitle": "Quản lý dự án/tòa nhà/KĐT",
  "byType": "Theo loại hình",
  "chooseDistrict": "Chọn huyện",
  "residential": "Dân cư",
  "condominium": "Chung cư",
  "industrialAreaUrbanArea": "KCN/KĐT",
  "residentialArea": "KDC",
  "infraOther": "Khác (Resort/TTTM...)",
  "industry": "Công nghiệp",
  "byProgress": "Theo tiến độ",
  "connected": "Đã tiếp xúc",
  "signed": "Đã ký HĐ",
  "signedLabel": "Đã ký HĐ",
  "constructing": "Đang thi công",
  "buildingFinish": "Hoàn thành",
  "offeredServices": "Đã cung cấp DV",
  "total": "Tổng",
  "carryOutTheContract": "Thực hiện hợp đồng",
  "AcceptanceAndPutIntoUse": "Nghiệm thu ĐVSD",
  "BTSLocation": "Vị trí BTS",
  "accordingToThePlan": "Kế hoạch tháng",
  "accordingToImplementation": "Kết quả tháng",
  "routeGPON": "Tuyến GPON",
  "putIntoUndergroundUse": "Tuyến Ngầm",
  "DeployingProjectsOfBuildings": "Triển khai dự án <span>(Tòa nhà, KDDT, Khu công nghiệp)</span>",
  "rule": "Ký HĐNT",
  "quantity": "Số lượng",
  "deployment": "Triển khai",
  "deploymentDATN": "Triển khai DATN",
  "deployTransmission": "Triển khai truyền dẫn ngầm, số cổng BRCĐ",
  "undergroundLine": "Tuyến ngầm",
  "completedExecution": "Hoàn thành",
  "deployingBTSBroadcasting": "Triển khai BTS phát sóng",
  "locationOfBTSCosite": "Vị trí BTS Cosite",
  "all": "Tất cả",
  "maintenance": "Bảo dưỡng",
  "group": "Nhóm",
  "stationHouse": "Nhà trạm",
  "FiberLine": "Tuyến cáp",
  "airConditioner": "Điều hòa",
  "monthTime_zero": "{{count}} tháng/lần",
  "monthTime_other": "{{count}} tháng/lần",
  "1month/time": "1 tháng/lần",
  "2month/time": "2 tháng/lần",
  "3month/time": "3 tháng/lần",
  "6month/time": "6 tháng/lần",
  "12month/time": "12 tháng/lần",
  "24month/time": "24 tháng/lần",
  "period": "Chu kỳ",
  "plan": "Kế hoạch",
  "done": "Đã xong",
  "notYetFinished": "Chưa xong",
  "transmissionProblem": "Sự cố truyền dẫn",
  "generator": "Máy phát",
  "viewCount": "{{count}} Lượt xem",
  "viewCount_zero": "{{count}} Lượt xem",
  "viewCount_one": "{{count}} Lượt xem",
  "viewCount_other": "{{count}} Lượt xem",
  "qualityChart": "(Slg)",
  "finish": "Hoàn thành",
  "noImages": "Không có hình ảnh để hiển thị",
  "listImage": "Danh sách ảnh",
  "listInfra": "Hạ tầng",
  "listInfraGPON": "Hạ tầng GPON",
  "listBattery": "Thời gian xả ắc quy",
  "listMobile": "Thuê bao",
  "totalStation": "(Số trạm: {{count}})",
  "listStation": "Trạm",
  "listGenerator": "Máy phát điện",
  "searchStation": "Tìm kiếm trạm",
  "downloadFile": "Tải file",
  "downloadFileSuccess": "Tải file thành công",
  "downloadFileError": "Tải file thất bại",
  "search": "Tìm kiếm",
  "noData": "Không có dữ liệu hiển thị",
  "showRecord": "Hiển thị bản ghi",
  "outOf": "trên"
}
