{
  "listReportTableau": {
    "header": {
      "title": "Danh sách báo cáo Tableau"
    },
    "title": "Danh sách Project",
    "filter": {
      "project": {
        "label": "Project",
        "placeholder": "Nhập tên project"
      }
    },
    "message": "Báo cáo không tồn tại"
  },
  "listWorkbook": {
    "header": {
      "title": "Danh sách Workbook"
    },
    "title": "Project",
    "owner": "Owner",
    "datetime": "Datetime",
    "filter": {
      "workbook": {
        "label": "Workbook",
        "placeholder": "Nhập tên workbook"
      }
    }
  },
  "listViews": {
    "header": {
      "title": "Danh sách Views"
    },
    "title": "Project",
    "owner": "Owner",
    "filter": {
      "views": {
        "label": "Views",
        "placeholder": "Nhập view"
      }
    }
  },
  "listReportKpi": {
    "header": {
      "title": "Danh sách báo cáo KPI"
    },
    "name": "báo cáo KPI",
    "title": "Danh sách báo cáo KPI",
    "titleDetail": "Chi tiết báo cáo KPI",
    "filter": {
      "name": {
        "label": "Tên báo cáo KPI",
        "placeholder": "Nhập tên báo cáo KPI"
      }
    },
    "action": {
      "create": "Tạo mới báo cáo KPI"
    },
    "table": {
      "name": "Tên báo cáo KPI"
    },
    "form": {
      "create": "Thêm mới báo cáo KPI",
      "edit": "Chỉnh sửa báo cáo KPI",
      "setting": "Setting",
      "data": "Data",
      "layout": "Layout",
      "row": "Hàng",
      "rowValidate": "Lưu ý: Số hàng phải >= {{ min }} và <= {{ max }}",
      "column": "Cột",
      "columnValidate": "Lưu ý: Số cột phải >= {{ min }} và <= {{ max }}",
      "name": "Tên báo cáo KPI",
      "namePlaceholder": "Nhập tên báo cáo KPI",
      "description": "Mô tả báo cáo KPI",
      "descriptionPlaceholder": "Nhập mô tả báo cáo KPI",
      "groupKpi": "Mảng KPI",
      "groupKpiPlaceholder": "Chọn mảng KPI",
      "groupKpiOption": "Chọn tên mảng",
      "nameKpi": "Tên KPI",
      "nameKpiPlaceholder": "Nhập tên KPI"
    },
    "message": {
      "deleteReportKPISucessfully": "Xóa báo cáo KPI thành công",
      "updateReportKPISucessfully": "Cập nhật báo cáo KPI thành công",
      "createReportKPISucessfully": "Tạo báo cáo KPI thành công"
    }
  },
  "managerKpi": {
    "header": {
      "title": "Quản lý KPI"
    },
    "pageTitle": "Chỉnh sửa cấu hình KPI",
    "title": "Danh sách cấu hình KPI",
    "filter": {
      "name": {
        "label": "Tên KPI",
        "placeholder": "Nhập tên KPI"
      },
      "code": {
        "label": "Mã KPI",
        "placeholder": "Nhập mã KPI"
      },
      "nation": {
        "label": "Quốc gia",
        "placeholder": "Chọn quốc gia",
        "option": "Chọn quốc gia"
      },
      "field": {
        "label": "Lĩnh vực",
        "placeholder": "Chọn lĩnh vực",
        "option": "Chọn lĩnh vực"
      },
      "group": {
        "label": "Tên mảng",
        "placeholder": "Chọn tên mảng",
        "option": "Chọn tên mảng"
      },
      "kpiType": {
        "label": "Loại KPI",
        "placeholder": "Chọn loại KPI",
        "option": "Chọn loại KPI",
        "optionAverage": "Trung bình",
        "optionAccumulated": "Lũy kế"
      }
    },
    "table": {
      "name": "Tên KPI",
      "code": "Mã KPI",
      "nation": "Quốc gia",
      "field": "Lĩnh vực",
      "group": "Tên mảng",
      "unit": "Đơn vị",
      "operator": "Toán tử",
      "direcEvaluate": "Chiều đánh giá",
      "kpiType": "Loại KPI",
      "priority": "Thứ tự ưu tiên",
      "action": {
        "detailInfo": "Chi tiết KPI",
        "editInfo": "Sửa thông tin",
        "editConfig": "Sửa cấu hình",
        "detailConfig": "Chi tiết cấu hình",
        "delete": "Xóa KPI"
      }
    },
    "form": {
      "create": "Thêm mới thông tin KPI",
      "edit": "Sửa thông tin KPI",
      "detail": "Chi tiết thông tin KPI",
      "nameKpi": "Tên KPI (VIE)",
      "nameKpiPlaceholder": "Nhập tên KPI",
      "description": "Mô tả (VIE)",
      "nameKpiEn": "Tên KPI (ENG)",
      "nameKpiPlaceholderEn": "Nhập tên KPI bằng tiếng Anh. Nếu để trống sẽ hiển thị bằng tên KPI (VIE)",
      "descriptionEn": "Mô tả (ENG)",
      "descriptionValidate": "Tối đa {{ value }} ký tự.",
      "codeKpi": "Mã KPI",
      "codeKpiPlaceholder": "Nhập mã KPI",
      "nation": "Quốc gia",
      "countryPlaceholder": "Chọn quốc gia",
      "field": "Lĩnh vực",
      "fieldPlaceholder": "Chọn lĩnh vực",
      "group": "Tên mảng",
      "groupPlaceholder": "Chọn tên mảng",
      "groupOption": "Chọn tên mảng",
      "priority": "Thứ tự ưu tiên",
      "priorityPlaceholder": "Chọn vị trí",
      "unit": "Tên đơn vị (VIE)",
      "unitEn": "Tên đơn vị (ENG)",
      "unitPlaceholder": "Nhập đơn vị",
      "unitPlaceholderEn": "Nhập đơn vị bằng tiếng Anh. Nếu để trống sẽ hiển thị bằng đơn vị (VIE)",
      "operator": "Toán tử",
      "operatorPlaceholder": "Nhập toán tử",
      "direcEvaluate": "Chiều đánh giá",
      "direcEvaluatePlaceholder": "Chọn chiều đánh giá",
      "direcEvaluateNegative": "Âm tốt",
      "direcEvaluatePositive": "Dương tốt",
      "kpiType": "Loại",
      "kpiTypePlaceholder": "Chọn loại KPI",
      "formula": "Công thức tính chênh lệch",
      "formulaPlaceholder": "Chọn công thức",
      "levelKpiTime": "Mức KPI (thời gian)",
      "levelTime": "Mức thời gian",
      "levelKpiTimePlaceholder": "Chọn KPI mức thời gian",
      "levelKpiSpace": "Mức KPI (không gian)",
      "levelSpace": "Mức không gian",
      "levelKpiSpacePlaceholder": "Chọn KPI mức không gian",
      "createExcelValide": "Lưu ý: Loại KPI nhập Mã",
      "userManager": "Người quản lý",
      "userManagerPlaceholder": "Chọn người quản lý",
      "addBy": "Người thêm",
      "addAt": "Ngày thêm",
      "updateBy": "Người cập nhật",
      "updateAt": "Ngày cập nhật",
      "chartType": "Chart Type",
      "linkReport": "Liên kết báo cáo",
      "selectReport": "Chọn báo cáo",
      "linkReportAdd": "Thêm báo cáo liên kết",
      "linkReportAddProject": "Project",
      "linkReportAddProjectPlaceholder": "Project",
      "linkReportAddWorkbook": "Workbook",
      "linkReportAddWorkbookPlaceholder": "Workbook",
      "linkReportAddViews": "Views",
      "linkReportAddViewsPlaceholder": "Views",
      "config": "Cấu hình",
      "active": "Hoạt động",
      "editConfigTitle": "Cấu hình báo cáo",
      "optionAverage": "Trung bình",
      "optionAccumulated": "Lũy kế",
      "time": {
        "Daily": "Ngày",
        "Weekly": "Tuần",
        "Monthly": "Tháng",
        "Quarterly": "Quý",
        "Yearly": "Năm"
      },
      "space": {
        "Provincial": "Tỉnh",
        "Regional": "Khu vực",
        "National": "Toàn quốc"
      }
    },
    "message": {
      "failedRecords": "bản ghi lỗi",
      "errorDetails": "Chi tiết lỗi",
      "priorityMust": "Thứ tự ưu tiên phải < 1000",
      "minimumValue": "Giá trị nhỏ nhất là 1"
    },
    "detailKPI": "Chi tiết cấu hình KPI"
  },
  "managerGroupKpi": {
    "header": {
      "title": "Quản lý mảng KPI"
    },
    "name": "mảng",
    "title": "Danh sách mảng",
    "filter": {
      "name": {
        "label": "Tên Mảng",
        "placeholder": "Nhập tên mảng"
      },
      "field": {
        "label": "Lĩnh vực",
        "placeholder": "Chọn lĩnh vực"
      }
    },
    "table": {
      "nameKpi": "Tên mảng",
      "field": "Lĩnh vực",
      "priority": "Thứ tự ưu tiên",
      "linkReport": "Đường dẫn báo cáo",
      "SQLDay": "SQL (ngày)",
      "SQLWeek": "SQL (tuần)",
      "SQLMonth": "SQL (tháng)",
      "SQLQuater": "SQL (quý)",
      "SQLYear": "SQL (năm)"
    },
    "form": {
      "create": "Thêm mới thông tin mảng",
      "edit": "Chỉnh sửa thông tin mảng",
      "details": "Chi tiết thông tin mảng",
      "name": "Tên mảng (VIE)",
      "namePlaceholder": "Nhập tên mảng",
      "nameEn": "Tên mảng (ENG)",
      "namePlaceholderEn": "Nhập tên mảng bằng tiếng Anh. Nếu để trống sẽ hiển thị bằng tên mảng (VIE)",
      "code": "Mã mảng",
      "codePlaceholder": "Nhập mã mảng",
      "field": "Lĩnh vực",
      "fieldPlaceholder": "Nhập lĩnh vực",
      "priority": "Thứ tự ưu tiên",
      "priorityPlaceholder": "Nhập thứ tự ưu tiên",
      "linkReport": "Đường dẫn báo cáo",
      "linkReportPlaceholder": "Nhập đường dẫn báo cáo",
      "SQLDay": "SQL (ngày)",
      "SQLWeek": "SQL (tuần)",
      "SQLMonth": "SQL (tháng)",
      "SQLQuater": "SQL (quý)",
      "SQLYear": "SQL (năm)",
      "SQLPlaceholder": "Nhập SQL",
      "ownerDivision": "Đối tượng sở hữu",
      "ownerDivisionPlaceholder": "Chọn đơn vị sở hữu",
      "selectUnit": "Chọn đơn vị"
    },
    "message": {
      "deleteGroupKPI": "Xóa mảng KPI thành công!",
      "updatedGroupKPI": "Cập nhật mảng KPI thành công!",
      "createGroupKPI": "Thêm mới mảng KPI thành công!"
    }
  },
  "configTarget": {
    "target": "ngưỡng",
    "header": {
      "title": "Cấu hình ngưỡng"
    },
    "title": "Danh sách ngưỡng",
    "editTitle": "Chỉnh sửa cấu hình ngưỡng",
    "filter": {
      "code": {
        "label": "Mã KPI",
        "placeholder": "Nhập mã KPI"
      },
      "year": {
        "label": "Năm",
        "placeholder": "Chọn năm"
      },
      "nation": {
        "label": "Quốc gia",
        "placeholder": "Chọn quốc gia"
      },
      "region": {
        "label": "Khu vực",
        "placeholder": "Chọn khu vực"
      },
      "province": {
        "label": "Tỉnh",
        "placeholder": "Chọn tỉnh"
      }
    },
    "action": {
      "create": "Thêm ngưỡng",
      "delete": "Xóa ngưỡng",
      "edit": "Chỉnh sửa bằng excel"
    },
    "table": {
      "kpiCode": "Mã KPI",
      "kpiName": "Tên KPI",
      "unit": "Đơn vị tính",
      "condition": "Điều kiện",
      "january": "T1",
      "february": "T2",
      "march": "T3",
      "april": "T4",
      "may": "T5",
      "june": "T6",
      "july": "T7",
      "august": "T8",
      "september": "T9",
      "october": "T10",
      "november": "T11",
      "december": "T12",
      "year": "Năm",
      "dataRange": "Phạm vi dữ liệu",
      "targetLevel": "Cấp độ KPI",
      "nation": "Quốc gia",
      "action": "Hành động"
    },
    "message": "Giá trị ngưỡng không hợp lệ"
  }
}
