{
  "configSlide": {
    "text": "Cấu hình slide",
    "list": "Danh sách slide",
    "enter": "Nhập tên slide",
    "create": "Thêm mới slide",
    "edit": "Chỉnh sửa slide",
    "duplicate": "Nhân bản slide",
    "unitShared": "Đơn vị được chia sẻ",
    "delete": "Xóa slide",
    "name": "Tên slide",
    "fileName": "Tên tập tin",
    "downloadFile": "Tải tập tin",
    "totalAttachedFiles": "Tổng file đính kèm:",
    "share": {
      "title": "Chia sẻ slide {{ name }} cho đơn vị"
    },
    "detail": {
      "title": "Danh sách đơn vị được chia sẻ slide {{ name }}"
    },
    "preview": {
      "text": "Cấu hình slide / Xem chi tiết Slide",
      "slideShow": "Slide show",
      "chooseTime": "Chọn thời gian tự động trình chiếu (s)",
      "attachedFile": "File đính kèm"
    },
    "add": {
      "data": "Data",
      "chooseReport": "Chọn loại báo cáo",
      "addAttachedFile": "Thêm file đính kèm"
    },
    "tableDownload": {
      "nameFile": "Tên tập tin",
      "nameReport": "Tên báo cáo",
      "addAt": "Ngày thêm",
      "addBy": "Người thêm"
    },
    "action": {
      "detail": "Xem chi tiết slide",
      "edit": "Chỉnh sửa slide",
      "download": "File đính kèm",
      "share": "Chia sẻ slide",
      "delete": "Xóa slide"
    },
    "message": {
      "uploadFileSuccessfully": "Thêm file thành công",
      "deleteFileSuccessfully": "Xóa file thành công",
      "fileDoesNotHaveTheCorrectStructure": "File không đúng định dạng",
      "maximumSizeFile": "Kích thước file không được > 5MB",
      "deleteSlideSuccessfully": "Xóa slide thành công",
      "deleteSlideFailed": "Xóa slide bị lỗi",
      "updateSlideSuccessfully": "Cập nhật Slide thành công",
      "createSlideSuccessfully": "Tạo Slide thành công",
      "slideNameIsRequired": "Tên slide bắt buộc nhập",
      "slideNameAlreadyExists": "Tên slide đã tồn tại"
    }
  }
}
