{
  "home": "Trang chủ",
  "overallKPI": "Tổng quan KPI {{province}} ",
  "slideshowReport": "Báo cáo trình chiếu",
  "slideshow": "Trình chiếu",
  "KPISlideshow": "Trình chiếu KPI",
  "header": {
    "networkBusinessIntelligence": "Hệ thống quản lý báo cáo thông minh",
    "searchReportInformation": "Tìm kiếm tên báo cáo",
    "noSearchHistory": "Không có lịch sử tìm kiếm!",
    "account": "Thông tin tài khoản",
    "userGuide": "Hướng dẫn sử dụng",
    "userGuideList": "Danh sách hướng dẫn sử dụng",
    "logout": "Đăng xuất"
  },
  "notification": {
    "markAllAsRead": "Đánh dấu tất cả là đã đọc"
  },
  "filter": {
    "system": "Hệ thống",
    "placeholderSystem": "Nhập tên hệ thống/KPI",
    "systems": "Hệ thống",
    "systemKpi": "KPI",
    "division": "Đơn vị",
    "placeholderDivision": "Nhập tên đơn vị",
    "divisions": "Đơn vị",
    "nation": {
      "title": "Quốc gia",
      "Vietnam": "Việt Nam",
      "Cambodia": "Campuchia",
      "Laos": "Lào",
      "TimorLeste": "Đông Timor"
    },
    "region": "Khu vực",
    "field": "Lĩnh vực",
    "province": {
      "title": "Tỉnh",
      "placeholderSearch": "Tìm kiếm tỉnh hoặc khu vực",
      "clickToView": "Nhấn vào để xem"
    },
    "sortByKPI": {
      "title": "Sắp xếp KPI",
      "default": "Mặc định",
      "sortDesc": "Tốt nhất",
      "sortAsc": "Kém nhất",
      "achievedOnly": "Đạt",
      "notAchievedOnly": "Không đạt"
    },
    "chartType": {
      "donut": "Donut",
      "stackedBar": "Cột chồng"
    },
    "kpi": {
      "title": "KPI",
      "placeholderSearch": "Tìm kiếm tên hoặc mảng KPI"
    },
    "monthSelection": {
      "January": "Tháng 1",
      "February": "Tháng 2",
      "March": "Tháng 3",
      "April": "Tháng 4",
      "May": "Tháng 5",
      "June": "Tháng 6",
      "July": "Tháng 7",
      "August": "Tháng 8",
      "September": "Tháng 9",
      "October": "Tháng 10",
      "November": "Tháng 11",
      "December": "Tháng 12"
    }
  },
  "overallNetworkKPI": {
    "title": "TỔNG QUAN KPI TOÀN MẠNG",
    "sortByDomain": "Sắp xếp Mảng",
    "chartType": "Loại biểu đồ",
    "filterByTime": "Mức thời gian",
    "numberOfYellowRed": "Số lượng KPI cảnh báo vàng/đỏ",
    "notAchievedKPI": "KPI không đạt",
    "achievedKPI": "KPI đạt",
    "achievedTargetKPI": "KPI đạt yêu cầu",
    "notAchievedTargetKPI": "KPI không đạt yêu cầu",
    "achievedKPIProportion": "Tỷ lệ KPI đạt:",
    "KPIAchievementProportion": "Tỷ lệ KPI đạt của {{value}}",
    "KPIWithNoData": "KPI không có dữ liệu",
    "note": "Chú thích",
    "yellowAlarmKPI": "KPI cảnh báo vàng:",
    "redAlarmKPI": "KPI cảnh báo đỏ:",
    "descriptionYellowAlarmKPI1": " Đối với KPI/KQI có mục tiêu Tỷ lệ thành công < {{valueSuccess}}% hoặc tỷ lệ lỗi > {{valueError}}% là tồi trên 15% và dưới 30%.",
    "descriptionYellowAlarmKPI2": "Đối với KPI/KQI có mục tiêu Tỷ lệ thành công >= {{valueSuccess}}% hoặc tỷ lệ lỗi =< {{valueError}}% là tồi trên 30% và dưới 60%.",
    "descriptionRedAlarmKPI1": " Đối với KPI/KQI có mục tiêu Tỷ lệ thành công < {{valueSuccess}}% hoặc tỷ lệ lỗi > {{valueError}}% là tồi trên 30%.",
    "descriptionRedAlarmKPI2": " Đối với KPI/KQI có mục tiêu Tỷ lệ thành công >= {{valueSuccess}}% hoặc tỷ lệ lỗi =< {{valueError}}% là tồi trên 60%.",
    "clickToSeeDetails": "Bấm để xem chi tiết",
    "clickToViewExplanation": "Bấm chuột tại chỗ để xem thông tin giải trình",
    "performance": "Hiệu suất sử dụng",
    "next": "Trang sau",
    "previous": "Trang trước"
  },
  "overallProvincialKPI": {
    "title": "Tổng quan KPI mức tỉnh",
    "colorConfiguration": "Cấu hình dải màu mức độ đạt của KPI tỉnh",
    "archievedTotalKPI": "Tỷ lệ KPI đạt/tổng số",
    "bestProvinces": "Các tỉnh thực hiện KPI tốt",
    "worstProvinces": "Các tỉnh thực hiện KPI kém",
    "proportion": "Tỉ lệ"
  },
  "explanation": {
    "title": "Giải trình",
    "titleByVietnam": "Giải trình (VIE)",
    "titleByEnglish": "Giải trình (ENG)",
    "explanationPlaceholderByVietnam": "Nhập giải trình bằng tiếng Việt",
    "explanationPlaceholderByEnglish": "Nhập giải trình bằng tiếng Anh",
    "explanationKPI": "Giải trình KPI",
    "lineExplanationLineLimit": "Giải trình giới hạn 10 dòng",
    "successNotiExplanation": "Cập nhật giải trình thành công!",
    "result": "Thực hiện",
    "target": "Mục tiêu",
    "comparison": "Chênh lệch",
    "clickToViewExplanation": "Bấm chuột tại chỗ để xem thông tin giải trình",
    "achieved": "Đạt yêu cầu",
    "notAchieved": "Không đạt yêu cầu"
  },
  "tooltip": {
    "Day": "Ngày",
    "Week": "Tuần",
    "Month": "Tháng",
    "Quarter": "Quý",
    "Year": "Năm",
    "Result": "Thực hiện",
    "Target": "Mục tiêu",
    "Comparison": "Chênh lệch",
    "Achieved": "Đạt",
    "NotAchieved": "Không đạt",
    "Seemore": "Xem thêm",
    "Seeless": "Thu nhỏ",
    "Loss": "Thiếu",
    "numberOfYellowRed": "Số lượng KPI cảnh báo vàng/đỏ",
    "notAchievedKPI": "Các KPI không đạt",
    "notAchievedKPIs": "Các KPI không đạt",
    "consecutive": "liên tiếp",
    "notAchievedY": "tồi {{Y}} so với mục tiêu",
    "achievedKPIProportion": "Tỷ lệ KPI đạt:",
    "achievedKPINumber": "Số lượng KPI đạt:",
    "KPIExplanation": "Giá trị KPI",
    "explanation": "Giải trình"
  }
}
