{
  "title": "Thông báo",
  "unread": "Chưa đọc",
  "noUnreadNotification": "Không có thông báo mới nào",
  "noNotification": "Không có thông báo",
  "year": "{{count}} năm",
  "month": "{{count}} tháng",
  "week": "{{count}} tuần",
  "day": "{{count}} ngày",
  "hour": "{{count}} giờ",
  "minute": "{{count}} phút",
  "year_plural": "{{count}} năm",
  "month_plural": "{{count}} tháng",
  "week_plural": "{{count}} tuần",
  "day_plural": "{{count}} ngày",
  "hour_plural": "{{count}} giờ",
  "minute_plural": "{{count}} phút",
  "ago": "trước",
  "justDone": "vừa xong"
}
