{
  "accessStatistics": {
    "employee": "Nhân sự:",
    "employees": "Nhân sự:",
    "childDivision": "Đơn vị con:",
    "childDivisions": "Đơn vị con:",
    "listChildDivision": "Danh sách đơn vị con",
    "viewDivision": "Lượt xem đơn vị",
    "divisionsViewsStatistics": "Thống kê lượt xem báo cáo các đơn vị",
    "chooseTimeToExportData": "Chọn khoảng thời gian để xuất dữ liệu",
    "divisionVeportViewsStatistics": "Thống kê lượt xem báo cáo cả đơn vị",
    "usersAccessInfomationStatistics": "Thống kê thông tin truy cập của người dùng",
    "reportViews": "Lượt xem báo cáo",
    "statisticsType": "Loại thống kê",
    "chooseStatisticsType": "Chọn loại thống kê",
    "combinedStatistics": "Thống kê tổng hợp",
    "loginStatistics": "Thống kê đăng nhập",
    "reportAccessStatistics": "Thống kê truy cập báo cáo",
    "chooseUser": "Chọn người dùng",
    "selectReportType": "Chọn loại báo cáo",
    "selectReport": "Chọn báo cáo",
    "startDate": "Ngày bắt đầu",
    "endDate": "Ngày kết thúc",
    "report": "Báo cáo",
    "user": "Người dùng",
    "chooseUnit": "Chọn đơn vị",
    "unitForExportingStatistics": "Đơn vị muốn xuất thống kê",
    "message": {
      "downloadReportSuccess": "Tải báo cáo thành công",
      "successfullyExported": "Export thành công",
      "failToExport": "Export không thành công"
    }
  },
  "configSync": {
    "helmetTitle": "Đồng bộ server",
    "synchronousServerList": "Danh sách server đồng bộ",
    "createSynchronousServer": "Thêm mới Server đồng bộ",
    "table": {
      "serverName": {
        "title": "Tên server",
        "placeholder": "Vui lòng nhập tên server"
      },
      "version": {
        "title": "Phiên bản",
        "placeholder": "Vui lòng nhập phiên bản"
      },
      "accountName": {
        "title": "Tên tài khoản",
        "placeholder": "Vui lòng nhập tên tài khoản"
      },
      "passwordServer": {
        "title": "Mật khẩu",
        "placeholder": "Vui lòng nhập mật khẩu server"
      },
      "url": {
        "title": "URL",
        "placeholder": "Vui lòng nhập URL"
      },
      "lastRunTime": {
        "title": "Lần đồng bộ gần nhất"
      },
      "checkConnection": "Kiểm tra kết nối"
    },
    "deleteServer": {
      "title": "Xóa Server",
      "description": "Bạn có chắc muốn xóa Server:"
    },
    "message": {
      "serverUpdateSuccessfully": "Cập nhật server thành công",
      "connectToServer": "Kết nối tới server thành công"
    }
  },
  "configDataSync": {
    "header": {
      "title": "Cấu hình đồng bộ dữ liệu"
    },
    "title": "Lịch đồng bộ theo chu kỳ",
    "table": {
      "dataLevel": "Mức dữ liệu",
      "dataToSyncArr": "Khoảng dữ liệu cần đồng bộ",
      "syncTime": "Thời gian đồng bộ",
      "lastSync": "Lần đồng bộ gần nhất",
      "nextSync": "Lần đồng bộ tiếp theo",
      "updateBy": "Người cập nhật",
      "updateAt": "Ngày cập nhật",
      "downloadFileLogErr": "Tải file log chi tiết lỗi",
      "action": {
        "sync": "Đồng bộ ngay"
      }
    },
    "form": {
      "sync": {
        "title": "Đồng bộ dữ liệu ngay?",
        "message": "Bạn có chắc chắn muốn đồng bộ dữ liệu ngay"
      },
      "edit": {
        "confirmTitle": "Cập nhật lịch đồng bộ theo chu kỳ",
        "confirmMessage": "Bạn có chắc chắn muốn cập nhật lịch đồng bộ theo chu kỳ",
        "title": "Chỉnh sửa lịch đồng bộ theo chu kỳ",
        "dataLevel": "Mức dữ liệu",
        "dataLevelPlaceholder": "Nhập mức dữ liệu",
        "dataToSyncArr": "Khoảng dữ liệu cần đồng bộ",
        "dataToSyncArrPlaceholder": "Chọn khoảng dữ liệu cần đồng bộ",
        "cronExpressions": "Lịch chạy",
        "note": "Chú thích",
        "addNew": "Thêm lịch chạy",
        "note1": "* bất kỳ giá trị nào",
        "note2": ", dấu phân cách danh sách giá trị",
        "example1": "Vào phút 30 giờ 7, tất cả ngày trong tháng, tất cả tháng, tất cả ngày trong tuần: 30 07 * * *",
        "example2": "Vào phút 30 giờ 23, tất cả ngày trong tháng, tất cả tháng, ngày trong tuần thứ ba, thứ tư, thứ năm, thứ sáu, thứ bảy, chủ nhật: 30 23 * * 2,3,4,5,6,7",
        "example3": "Vào phút 30 giờ 7, 13, 17, 23, ngày 1, 2, 3, 4, 5 trong tháng, tất cả tháng, tất cả ngày trong tuần: 30 7,13,17,23 1,2,3,4,5 * *",
        "example4": "Vào phút 30 giờ 7, 13, 17, 23, ngày 1, 2, 3, 4, 5 trong tháng, tháng 1, 4, 7, 10, tất cả ngày trong tuần: 30 7,13,17,23 1,2,3,4,5 1,4,7,10 *",
        "every": "Vào",
        "minuteInHour": "phút {{ minute }} giờ {{ hour }}",
        "minuteInAllHour": "phút {{ minute }} tất cả giờ",
        "onDayOfMonth": "ngày {{ day }} trong tháng",
        "onAllDayOfMonth": "tất cả ngày trong tháng",
        "inAllMonth": "tất cả tháng",
        "inMonths": "tháng {{ month }}",
        "onDayOfWeek": "ngày trong tuần {{ day }}",
        "onAllDayOfWeek": "tất cả ngày trong tuần",
        "inMonth": "trong tháng",
        "inWeek": "trong tuần",
        "dayOfMonth": "Ngày (trong tháng)",
        "dayOfWeek": "Ngày (trong tuần)",
        "errFormatCron": "Sai cấu trúc biểu thức Cron. Vui lòng nhập đúng cấu trúc năm trường của biểu thức Cron.",
        "errMinuteCron": "Phút chỉ cho phép điền số trong khoảng 0-59, ngăn cách nhau bằng ký tự",
        "errHourCron": "Giờ chỉ cho phép điền số trong khoảng 0-23, ngăn cách nhau bằng ký tự \",\" hoặc chỉ điền một ký tự \"*\"",
        "errDayOfMonthCron": "Ngày (trong tháng) chỉ cho phép điền số trong khoảng 1-31, ngăn cách nhau bằng ký tự \",\" hoặc chỉ điền một ký tự \"*\"",
        "errMonthCron": "Tháng chỉ cho phép điền số trong khoảng 1-12, ngăn cách nhau bằng ký tự \",\" hoặc chỉ điền một ký tự \"*\"",
        "errDayOfWeekCron": "Ngày (trong tuần) chỉ cho phép điền số trong khoảng 1-7, ngăn cách nhau bằng ký tự \",\" hoặc chỉ điền một ký tự \"*\"",
        "allDomain": "Tất cả mảng",
        "errDayOfMonthAndWeek": "Một trong hai trường: Ngày (trong tháng) hoặc trường Ngày (trong tuần) phải nhập giá trị \"*\""
      }
    },
    "message": {
      "createSuccess": "Đồng bộ dữ liệu thành công",
      "syncSuccess": "Bắt đầu đồng bộ Tableau server thành công"
    },
    "enum": {
      "dataToSyncArr": {
        "currentYear": "năm hiện tại",
        "currentYearMinusOne": "năm - 1",
        "currentYearMinusTwo": "năm - 2",
        "currentQuarter": "quý hiện tại",
        "currentQuarterMinusOne": "quý - 1",
        "currentQuarterMinusTwo": "quý - 2",
        "currentMonth": "tháng hiện tại",
        "currentMonthMinusOne": "tháng - 1",
        "currentMonthMinusTwo": "tháng - 2",
        "currentWeek": "tuần hiện tại",
        "currentWeekMinusOne": "tuần - 1",
        "currentWeekMinusTwo": "tuần - 2",
        "currentDate": "ngày hiện tại",
        "currentDateMinusOne": "ngày - 1",
        "currentDateMinusTwo": "ngày - 2",
        "currentDateMinusThree": "ngày - 3",
        "currentDateMinusFour": "ngày - 4",
        "currentDateMinusFive": "ngày - 5",
        "currentDateMinusSix": "ngày - 6",
        "currentDateMinusSeven": "ngày - 7"
      }
    }
  },
  "historyDataSync": {
    "header": {
      "title": "Cấu hình chạy bù dữ liệu"
    },
    "title": "Cấu hình chạy bù dữ liệu",
    "filter": {
      "startTime": "Thời gian bắt đầu",
      "startTimePlaceholder": "Chọn ngày",
      "dataLevel": "Mức dữ liệu",
      "dataLevelPlaceholder": "Chọn mức dữ liệu",
      "type": "Loại",
      "typePlaceholder": "Chọn loại",
      "status": "Trạng thái",
      "statusPlaceholder": "Chọn trạng thái",
      "new": "Thêm mới cấu hình chạy bù"
    },
    "table": {
      "startTime": "Thời gian bắt đầu",
      "endTime": "Thời gian kết thúc",
      "group": "Mảng",
      "groupLabelData": "mảng",
      "dataLevel": "Mức dữ liệu",
      "dataToSyncArr": "Khoảng dữ liệu cần đồng bộ",
      "type": "Loại",
      "status": "Trạng thái",
      "implementer": "Người thực hiện",
      "time": "Thời gian diễn ra",
      "result": "Kết quả",
      "action": {
        "sync": "Chạy bù ngay",
        "syncAgain": "Chạy lại"
      }
    },
    "form": {
      "create": "Thêm mới cấu hình chạy bù dữ liệu",
      "edit": "Chỉnh sửa cấu hình chạy bù dữ liệu",
      "group": "Chọn mảng",
      "groupName": "Mảng",
      "groupPlaceholder": "Chọn mảng",
      "dataLevel": "Mức dữ liệu",
      "dataLevelPlaceholder": "Chọn mức",
      "dataToSyncArr": "Khoảng dữ liệu cần đồng bộ",
      "dataToSyncArrPlaceholder": "Chọn khoảng thời gian",
      "level": "mức",
      "deleteConfirmTitle": "Xóa cấu hình chạy bù dữ liệu?",
      "deleteConfirmMessage": "Bạn có chắc chắn muốn xóa cấu hình chạy bù dữ liệu?",
      "errDomainNoSql": "Mảng {{ name }} không có câu lệnh SQL để đồng bộ. Vui lòng kiểm tra lại"
    },
    "enum": {
      "status": {
        "notRunYet": "Chưa chạy",
        "running": "Đang chạy",
        "success": "Thành công",
        "failure": "Thất bại",
        "warning": "Cảnh báo"
      },
      "type": {
        "handWork": "Thủ công",
        "automatic": "Tự động"
      }
    }
  },
  "configKPI": {
    "KPIAlarmConfiguration": "cấu hình cảnh báo KPI",
    "helmetTitle": "Cấu hình KPI",
    "title": "Danh sách cấu hình cảnh báo KPI",
    "guideExcelStep": "1. Tải mẫu file excel cấu hình cảnh báo KPI.",
    "table": {
      "KPICode": {
        "title": "KPI_code",
        "placeholder": "Nhập KPI_code"
      },
      "KPIName": {
        "title": "KPI_name",
        "placeholder": "Nhập KPI_name"
      },
      "AlarmStatus": {
        "title": "Chọn Alarm_status"
      },
      "KPILevel": {
        "title": "Chọn KPI_level"
      }
    },
    "message": {
      "deleteKPIAlarmSuccessfully": "Xóa cấu hình cảnh báo KPI thành công",
      "deleteKPIAlarmFailed": "Xóa cấu hình cảnh báo KPI thất bại"
    }
  },
  "managerNotification": {
    "notificationList": "Danh sách thông báo",
    "notificationDetail": "Chi tiết thông báo",
    "notificationCreate": "Thêm mới thông báo",
    "notificationEdit": "Chỉnh sửa thông báo",
    "table": {
      "notificationTitle": {
        "title": "Tiêu đề thông báo",
        "placeholder": "Nhập tiêu đề thông báo"
      },
      "notificationType": {
        "title": "Loại thông báo",
        "placeholder": "Chọn loại thông báo"
      },
      "notificationStatus": {
        "title": "Trạng thái",
        "placeholder": "Chọn trạng thái"
      },
      "notificationContent": {
        "title": "Nội dung",
        "placeholder": "Nhập nội dung"
      },
      "userGuideName": {
        "title": "Tên hướng dẫn sử dụng",
        "placeholder": "Nhập tên hướng dẫn sử dụng"
      },
      "attachedFile": {
        "title": "File đính kèm",
        "placeholder": "Chưa có file nào được chọn"
      },
      "timeOnPage": "Lựa chọn đăng thông báo",
      "timeToPublishNotification": {
        "title": "Thời gian đăng thông báo",
        "placeholder": "Chọn thời gian"
      },
      "showInUserGuideList": "Hiển thị ở danh sách HDSD",
      "notificationReceiver": {
        "title": "Đối tượng nhận thông báo",
        "placeholder": "Chọn đối tượng"
      },
      "notificationOnHomepage": {
        "title": "Thông báo trên trang chủ",
        "placeholder": "Chọn loại"
      },
      "notificationReceiverDivision": {
        "title": "Đơn vị nhận thông báo",
        "placeholder": "Chọn đơn vị"
      },
      "notificationBarOnHomePage": {
        "title": "Thông báo nổi trên trang chủ"
      },
      "timeStartOnHomePage": {
        "title": "Thời gian bắt đầu hiển thị trên trang chủ",
        "placeholder": "Chọn thời gian"
      },
      "timeEndOnHomePage": {
        "title": "Thời gian kết thúc hiển thị trên trang chủ",
        "placeholder": "Chọn thời gian"
      }
    },
    "message": {
      "activateOrDisableShowingUserGuideList": "{{checkEnable}} hiển thị HDSD trên danh sách?",
      "activateOrDisableShowingUserGuide": "Bạn có chắc chắn muốn {{checkEnable}} hiển thị HDSD: ",
      "startTimeMustBeLaterThanPresentTime": "Thời gian bắt đầu hiển thị phải muộn hơn thời gian hiện tại",
      "startTimeShowingOnHomepageMustBeLateThanPresentTime": "Thời gian bắt đầu hiển thị trên trang chủ phải muộn hơn hiện tại",
      "publishTimeMustBeLaterThanPresentTime": "Thời gian đăng phải muộn hơn thời gian hiện tại",
      "endTimeMustBeLaterThanPresentTime": "Thời gian kết thúc phải muộn hơn thời gian hiện tại",
      "showTimeMustBeLaterThanPublishTime": "Thời gian bắt đầu hiển thị trên trang chủ phải muộn hơn thời gian đăng",
      "endTimeMustBeLaterThanShowTime": "Thời gian kết thúc hiển thị phải muộn hơn thời gian bắt đầu hiển thị",
      "endTimeMustBeLaterThanPublishTime": "Thời gian kết thúc phải muộn hơn thời gian đăng",
      "deleteAttachedFile": "cùng file đính kèm {{fileName}}?",
      "deleteUserGuide": "cùng hướng dẫn sử dụng {{userGuideName}}?",
      "deleteNotification": "Xóa thông báo?",
      "divisionDoesNotExist": "Đơn vị không tồn tại",
      "failToDisable": "Vô hiệu hóa thất bại",
      "successfullyDisabled": "Vô hiệu hóa thành công",
      "successfullyActivated": "Kích hoạt thành công",
      "failToActivate": "Kích hoạt thất bại",
      "fileContentEmpty": "Nội dung file không được phép trống"
    },
    "enum": {
      "activate": "Kích hoạt",
      "disabled": "Vô hiệu hóa",
      "immediate": "Ngay lập tức",
      "customPublishTime": "Hẹn giờ đăng",
      "allSystem": "Toàn hệ thống",
      "chooseDivision": "Chọn đơn vị",
      "allow": "Cho phép",
      "donotAllow": "Không cho phép",
      "published": "Đã đăng",
      "waiting": "Chờ đăng",
      "notification": "Thông báo",
      "userGuide": "HDSD",
      "yes": "Có",
      "no": "Không",
      "seeMore": "Xem thêm",
      "seeLess": "Thu gọn",
      "showing": "Hiển thị",
      "notShowing": "Không hiển thị"
    }
  },
  "detailReportKPI": {
    "type": {
      "detail": "Báo cáo chi tiết KPI",
      "lacking": "Báo cáo KPI thiếu dữ liệu",
      "combined": "Báo cáo tổng hợp"
    },
    "filter": {
      "des-time": "Gần tới xa (thời gian)",
      "asc-time": "Xa tới gần (thời gian)",
      "best": "Tốt nhất",
      "worst": "Kém nhất",
      "sortBySystem": "Sắp xếp hệ thống",
      "sortByDomain": "Sắp xếp mảng"
    },
    "table": {
      "department": "Đơn vị",
      "detail": {
        "system": "Hệ thống",
        "nameKPI": "Tên KPI",
        "unit": "Đơn vị tính",
        "operator": "Toán tử",
        "target": "Mục tiêu",
        "result": "Thực hiện",
        "comparison": "Chênh lệch",
        "state": "Trạng thái",
        "resultLastPeriod": "Thực hiện (Chu kỳ trước)",
        "comparisonWithLastPeriod": "So với chu kỳ trước",
        "assessment": "Đánh giá",
        "periodWeek": "Chu kỳ ({{ month }})",
        "maintained": "Duy trì",
        "declined": "Suy giảm",
        "notAssessed": "Không đánh giá",
        "improved": "Cải thiện"
      },
      "lacking": {
        "allMonth": "Thiếu cả tháng",
        "noDataDays": "Ngày không có dữ liệu",
        "period": "Chu kỳ",
        "true": "Đúng",
        "false": "Sai"
      },
      "combined": {
        "totalKPIMonth": "Tổng số KPI (Mức Tháng)",
        "totalKPIDay": "Tổng số KPI (Mức ngày)",
        "notAchievedKPINumber": "Số KPI không đạt",
        "achievedKPINumber": "Số KPI đạt",
        "fullDataKPINumber": "Số KPI đủ dữ liệu",
        "lackingDataKPINumber": "Số KPI thiếu dữ liệu",
        "noDataKPINumber": "Số KPI không có dữ liệu",
        "achievedKPIRate": "Tỷ lệ KPI đạt",
        "notAchievedKPIRate": "Tỷ lệ KPI không đạt",
        "fullDataKPIRate": "Tỷ lệ KPI có đủ dữ liệu",
        "lackingDataKPIRate": "Tỷ lệ KPI thiếu dữ liệu",
        "noDataKPIRate": "Tỷ lệ KPI không có dữ liệu"
      }
    },
    "message": {
      "dowmloadReportSuccess": "Tải xuống báo cáo thành công",
      "downloadReportFailed": "Tải xuống báo cáo thất bại"
    }
  }
}
